{"editorObjects":[{"pos":{"x":589.498779296875,"y":17.94999885559082,"z":-554.9146118164063},"objectType":0},{"pos":{"x":589.498779296875,"y":17.94999885559082,"z":-547.734619140625},"objectType":0},{"pos":{"x":589.498779296875,"y":17.94999885559082,"z":-554.9146118164063},"objectType":0},{"pos":{"x":589.498779296875,"y":17.94999885559082,"z":-547.734619140625},"objectType":0}]}