{"cameraMode":{"drawMode":0,"name":"Shaded","section":"Shading Mode"},"sceneLighting":false,"audioPlay":false,"sceneViewState":{"m_AlwaysRefresh":false,"showFog":true,"showSkybox":false,"showFlares":true,"showImageEffects":true,"showParticleSystems":true,"showVisualEffectGraphs":true,"m_FxEnabled":true},"in2DMode":false,"pivot":{"x":-40.70000076293945,"y":-268.20001220703127,"z":-934.4000244140625},"rotation":{"x":0.36483171582221987,"y":-0.039100050926208499,"z":0.015300072729587555,"w":0.9300941228866577},"size":5.530195236206055,"orthographic":false}