{"cameraMode":{"drawMode":0,"name":"Shaded","section":"Shading Mode"},"sceneLighting":true,"audioPlay":false,"sceneViewState":{"m_AlwaysRefresh":false,"showFog":true,"showSkybox":true,"showFlares":true,"showImageEffects":true,"showParticleSystems":true,"showVisualEffectGraphs":true,"m_FxEnabled":true},"in2DMode":false,"pivot":{"x":-1.9106292724609376,"y":-0.6513824462890625,"z":-0.9130086898803711},"rotation":{"x":0.20512360334396363,"y":0.7947462201118469,"z":-0.41163384914398196,"w":0.39603376388549807},"size":18.700037002563478,"orthographic":false}