{"cameraMode":{"drawMode":0,"name":"Shaded","section":"Shading Mode"},"sceneLighting":true,"audioPlay":false,"sceneViewState":{"m_AlwaysRefresh":false,"showFog":true,"showSkybox":true,"showFlares":true,"showImageEffects":true,"showParticleSystems":true,"showVisualEffectGraphs":true,"m_FxEnabled":true},"in2DMode":false,"pivot":{"x":627.1270751953125,"y":253.24639892578126,"z":-279.4380798339844},"rotation":{"x":0.007191858254373074,"y":0.006907253060489893,"z":0.00012276647612452507,"w":-0.999908447265625},"size":163.35130310058595,"orthographic":false}