{"cameraMode":{"drawMode":0,"name":"Shaded","section":"Shading Mode"},"sceneLighting":true,"audioPlay":false,"sceneViewState":{"m_AlwaysRefresh":false,"showFog":true,"showSkybox":true,"showFlares":true,"showImageEffects":true,"showParticleSystems":true,"showVisualEffectGraphs":true,"m_FxEnabled":true},"in2DMode":false,"pivot":{"x":-11.023236274719239,"y":7.109222412109375,"z":3.2701330184936525},"rotation":{"x":0.0956130176782608,"y":0.8867045640945435,"z":-0.21219679713249207,"w":0.3994861841201782},"size":15.415253639221192,"orthographic":true}