{"cameraMode":{"drawMode":0,"name":"Shaded","section":"Shading Mode"},"sceneLighting":true,"audioPlay":false,"sceneViewState":{"m_AlwaysRefresh":false,"showFog":true,"showSkybox":true,"showFlares":true,"showImageEffects":true,"showParticleSystems":true,"showVisualEffectGraphs":true,"m_FxEnabled":true},"in2DMode":false,"pivot":{"x":593.9742431640625,"y":313.10101318359377,"z":0.3909912109375},"rotation":{"x":-0.010806784965097905,"y":0.0009093164117075503,"z":0.000022457119484897703,"w":-0.9999023675918579},"size":297.7330627441406,"orthographic":false}