{"cameraMode":{"drawMode":0,"name":"Shaded","section":"Shading Mode"},"sceneLighting":true,"audioPlay":false,"sceneViewState":{"m_AlwaysRefresh":false,"showFog":true,"showSkybox":true,"showFlares":true,"showImageEffects":true,"showParticleSystems":true,"showVisualEffectGraphs":true,"m_FxEnabled":true},"in2DMode":false,"pivot":{"x":-11.023236274719239,"y":7.109222412109375,"z":3.2701330184936525},"rotation":{"x":0.10952048748731613,"y":0.8605328798294067,"z":-0.20866432785987855,"w":0.45161139965057375},"size":15.415253639221192,"orthographic":true}