{"cameraMode":{"drawMode":0,"name":"Shaded","section":"Shading Mode"},"sceneLighting":true,"audioPlay":false,"sceneViewState":{"m_AlwaysRefresh":false,"showFog":true,"showSkybox":true,"showFlares":true,"showImageEffects":true,"showParticleSystems":true,"showVisualEffectGraphs":true,"m_FxEnabled":true},"in2DMode":false,"pivot":{"x":696.2224731445313,"y":504.4810485839844,"z":162.88873291015626},"rotation":{"x":-0.0006147595122456551,"y":0.998130738735199,"z":-0.06026981770992279,"w":-0.010180240496993065},"size":490.0320739746094,"orthographic":false}