{"cameraMode":{"drawMode":0,"name":"Shaded","section":"Shading Mode"},"sceneLighting":true,"audioPlay":false,"sceneViewState":{"m_AlwaysRefresh":false,"showFog":true,"showSkybox":true,"showFlares":true,"showImageEffects":true,"showParticleSystems":true,"showVisualEffectGraphs":true,"m_FxEnabled":true},"in2DMode":false,"pivot":{"x":566.5404052734375,"y":-251.91705322265626,"z":-202.70172119140626},"rotation":{"x":0.3511214554309845,"y":-0.011257399804890156,"z":0.004156038630753756,"w":0.9362135529518127},"size":331.5186767578125,"orthographic":false}